{"cameraMode":{"drawMode":0,"name":"Shaded","section":"Shading Mode"},"sceneLighting":false,"audioPlay":false,"sceneViewState":{"showFog":true,"showMaterialUpdate":false,"showSkybox":false,"showFlares":true,"showImageEffects":true,"showParticleSystems":true},"in2DMode":false,"pivot":{"x":4.075448513031006,"y":1.0181605815887452,"z":2.3778235912323},"rotation":{"x":0.284891813993454,"y":0.005751351360231638,"z":-0.0017091913614422083,"w":0.9585422873497009},"size":3.1356260776519777,"orthographic":false}