{"cameraMode":{"drawMode":0,"name":"Shaded","section":"Shading Mode"},"sceneLighting":false,"audioPlay":false,"sceneViewState":{"showFog":true,"showMaterialUpdate":false,"showSkybox":false,"showFlares":true,"showImageEffects":true,"showParticleSystems":true},"in2DMode":false,"pivot":{"x":0.9601402282714844,"y":-5.268055438995361,"z":9.135242462158204},"rotation":{"x":0.25716984272003176,"y":-0.07961568981409073,"z":0.02126503922045231,"w":0.9628490805625916},"size":9.142483711242676,"orthographic":false}