{"cameraMode":{"drawMode":0,"name":"Shaded","section":"Shading Mode"},"sceneLighting":false,"audioPlay":false,"sceneViewState":{"showFog":true,"showMaterialUpdate":false,"showSkybox":false,"showFlares":true,"showImageEffects":true,"showParticleSystems":true},"in2DMode":false,"pivot":{"x":4.51200008392334,"y":0.006541367620229721,"z":-9.194999694824219},"rotation":{"x":0.17309492826461793,"y":-0.6126488447189331,"z":0.13983254134655,"w":0.7583839893341065},"size":1.376434326171875,"orthographic":false}