{"cameraMode":{"drawMode":0,"name":"Shaded","section":"Shading Mode"},"sceneLighting":false,"audioPlay":false,"sceneViewState":{"showFog":true,"showMaterialUpdate":false,"showSkybox":false,"showFlares":true,"showImageEffects":true,"showParticleSystems":true},"in2DMode":false,"pivot":{"x":2.0101964473724367,"y":-0.21613192558288575,"z":0.3521871566772461},"rotation":{"x":0.27088403701782229,"y":-0.21152091026306153,"z":0.06114406883716583,"w":0.9370926022529602},"size":2.223698139190674,"orthographic":false}