{"cameraMode":{"drawMode":0,"name":"Shaded","section":"Shading Mode"},"sceneLighting":false,"audioPlay":false,"sceneViewState":{"showFog":true,"showMaterialUpdate":false,"showSkybox":false,"showFlares":true,"showImageEffects":true,"showParticleSystems":true},"in2DMode":false,"pivot":{"x":-0.5396389961242676,"y":-1.1441006660461426,"z":1.3592371940612794},"rotation":{"x":0.25252535939216616,"y":-0.26212701201438906,"z":0.07127733528614044,"w":0.9286766648292542},"size":2.9673707485198976,"orthographic":false}