{"cameraMode":{"drawMode":0,"name":"Shaded","section":"Shading Mode"},"sceneLighting":false,"audioPlay":false,"sceneViewState":{"showFog":true,"showMaterialUpdate":false,"showSkybox":false,"showFlares":true,"showImageEffects":true,"showParticleSystems":true},"in2DMode":false,"pivot":{"x":0.000001966302534128772,"y":0.000012720224731310736,"z":0.000001610995241208002},"rotation":{"x":-0.032993756234645846,"y":-0.004497576039284468,"z":-0.0001477883051848039,"w":0.999448835849762},"size":0.000017320508050033823,"orthographic":false}