{"cameraMode":{"drawMode":0,"name":"Shaded","section":"Shading Mode"},"sceneLighting":false,"audioPlay":false,"sceneViewState":{"showFog":true,"showMaterialUpdate":false,"showSkybox":false,"showFlares":true,"showImageEffects":true,"showParticleSystems":true},"in2DMode":false,"pivot":{"x":0.7167186737060547,"y":0.1739506721496582,"z":1.1928019523620606},"rotation":{"x":0.5274887084960938,"y":0.07371041923761368,"z":-0.04600772634148598,"w":0.8451082706451416},"size":1.376434564590454,"orthographic":false}