{"cameraMode":{"drawMode":0,"name":"Shaded","section":"Shading Mode"},"sceneLighting":true,"audioPlay":false,"sceneViewState":{"showFog":true,"showMaterialUpdate":true,"showSkybox":true,"showFlares":true,"showImageEffects":true,"showParticleSystems":true},"in2DMode":false,"pivot":{"x":-392.80950927734377,"y":468.24835205078127,"z":393.03955078125},"rotation":{"x":-0.09552156180143357,"y":0.0829208716750145,"z":-0.008015516214072705,"w":-0.9919787645339966},"size":1329.90087890625,"orthographic":false}