{"cameraMode":{"drawMode":0,"name":"Shaded","section":"Shading Mode"},"sceneLighting":false,"audioPlay":false,"sceneViewState":{"showFog":true,"showMaterialUpdate":true,"showSkybox":false,"showFlares":true,"showImageEffects":true,"showParticleSystems":true},"in2DMode":false,"pivot":{"x":0.037836551666259769,"y":2.901728391647339,"z":-0.004777431488037109},"rotation":{"x":-0.2529791593551636,"y":-0.07305039465427399,"z":0.019179442897439004,"w":-0.9645485281944275},"size":3.532167911529541,"orthographic":false}