{"cameraMode":{"drawMode":0,"name":"Shaded","section":"Shading Mode"},"sceneLighting":false,"audioPlay":false,"sceneViewState":{"showFog":true,"showMaterialUpdate":false,"showSkybox":false,"showFlares":true,"showImageEffects":true,"showParticleSystems":true},"in2DMode":false,"pivot":{"x":1.6859122514724732,"y":-2.16298246383667,"z":1.1291353702545167},"rotation":{"x":0.3270499110221863,"y":0.43066030740737917,"z":-0.17101305723190309,"w":0.8236055970191956},"size":2.478813648223877,"orthographic":false}